County,Year,Taxes,"Permits, Fees, and Special Assessments",Permits and Franchise Fees,"Franchise Fees, Licenses, and Permits",Licenses and Permits,Intergovernmental Revenues,Charges for Services,"Judgments, Fines, and Forfeits",Miscellaneous Revenues,Other Sources,TOTAL - All Revenue Account Codes
Alachua,2015-16,152355182,13295844,,,,34044944,66038715,1421096,8704214,96118963,371978958
Alachua,2014-15,147765513,13194914,,,,33917568,64834220,1709000,8656521,67196493,337274229
Alachua,2013-14,140783617,12357383,,,,32083142,64000575,2173545,9162234,57959323,318519819
Alachua,2012-13,135331754,11265073,,,,34971987,59534263,2103519,7755494,61703737,312665827
Alachua,2011-12,142201019,11730642,,,,42065925,56045782,2106605,8283736,55657916,318091625
Alachua,2010-11,153318487,12941157,,,,39008575,56741622,1889204,7620450,69020481,340539976
Alachua,2009-10,156995704,14075089,,,,35714520,60377130,1770256,10765458,95759722,375457879
Alachua,2008-09,149257524,13488446,,,,34059561,63406585,2310818,10055835,128942164,401520933
Alachua,2007-08,147902738,,2133074,,,33498255,64308628,2719545,20816530,145438965,416817735
Alachua,2006-07,148367273,,,3449944,,41201924,62936662,2851518,25591441,192091805,476490567
Alachua,2005-06,130832868,,,,2523597,40545372,57876085,3157646,20398929,141337554,396672051
Baker,2015-16,8102854,1249171,,,,10149826,20830556,222490,650551,9056257,50261705
Baker,2014-15,8103192,1216852,,,,10770262,20370829,239507,1166113,9103565,50970320
Baker,2013-14,7770159,1189781,,,,8127566,20921326,245900,1308155,8447838,48010725
Baker,2012-13,8036978,1128106,,,,8657573,19190188,178120,1138504,8411352,46740821
Baker,2011-12,8326163,1153552,,,,8628467,21041289,705557,773404,8612848,49241280
Baker,2010-11,8468895,1217960,,,,14293902,20821208,321133,1143912,8626259,54893269
Baker,2009-10,8560433,1294528,,,,10046261,17230127,100191,1638759,10016595,48886894
Baker,2008-09,8447689,1291728,,,,9820915,7677689,184821,965270,10096544,38484656
Baker,2007-08,8873376,,787725,,,8259855,4256496,368121,2345284,10541017,35431874
Baker,2006-07,8556450,,,941168,,7442956,4307870,318945,3866630,8296837,33730856
Baker,2005-06,8329931,,,,301266,7110538,3010965,247761,2227251,7594388,28822100
Bay,2015-16,100785637,2545288,,,,37880733,85595232,1325077,8764391,4194832,241091190
Bay,2014-15,98305773,2224612,,,,42440917,89656147,1347578,9631709,45174549,288781285
Bay,2013-14,77988344,2309325,,,,36038968,83350209,1321889,13849231,3545051,218403017
Bay,2012-13,76104051,2110171,,,,30357725,72705062,215044,29138252,17855251,228485556
Bay,2011-12,77083648,2080660,,,,32583429,72143557,259584,6938758,4132416,195222052
Bay,2010-11,77593739,1771526,,,,39192940,75921755,160902,5253254,36735352,236629468
Bay,2009-10,81578570,1725421,,,,39263876,71072997,356348,45094861,8359361,247451434
Bay,2008-09,87851490,1748210,,,,29726387,64992036,1193547,11970567,14053833,211536070
Bay,2007-08,85260745,,1418832,,,28560736,62989154,1767082,19315357,39940493,239252399
Bay,2006-07,88815743,,,1854343,,23178648,53088957,1649751,19096166,24888558,212572166
Bay,2005-06,84425320,,,,2791394,24474261,56011031,1564408,16549232,51052657,236868303
Bradford,2015-16,10582951,844611,,,,9194830,4520350,355322,572782,11566144,37636990
Bradford,2014-15,10223465,768950,,,,8447325,4285389,349909,710790,13619030,38404858
Bradford,2013-14,9888413,785445,,,,7221806,4250124,318510,547508,12115330,35127136
Bradford,2012-13,9704973,798435,,,,9274864,4356105,329679,414389,12580117,37458562
Bradford,2011-12,9712717,161904,,,,7564928,3649523,371472,1877019,11605336,34942899
Bradford,2010-11,9960019,799842,,,,9756357,3672555,436627,421340,10130203,35176943
Bradford,2009-10,10002983,787019,,,,8236571,3612152,352445,437969,12597817,36026956
Bradford,2008-09,9856877,806331,,,,7435600,4140589,372325,573213,10884104,34069039
Bradford,2007-08,10638111,,168637,,,7293896,4182948,612482,1700722,11331100,35927896
Bradford,2006-07,9938055,,,371552,,8601861,4582590,423294,2250408,12279164,38446924
Bradford,2005-06,8803396,,,,331514,9624808,5206234,349454,1638237,10713090,36666733
Brevard,2015-16,241395529,58454004,,,,93328982,216842058,3324200,19228785,101179028,733752586
Brevard,2014-15,235738865,54343792,,,,83981084,210961722,3302359,16359183,52340437,657027442
Brevard,2013-14,217932788,50391036,,,,83900309,186357820,4252442,15347897,114067996,672250288
Brevard,2012-13,212212493,51073603,,,,91807973,177843782,2691924,13281882,99826365,648738022
Brevard,2011-12,214018792,46245708,,,,89991210,179263675,2503721,17742599,51051559,600817264
Brevard,2010-11,217713556,48593777,,,,89478357,187770632,2606718,21222952,141178163,708564155
Brevard,2009-10,218457590,49078898,,,,98708877,189797550,3441235,23287954,52428144,635200248
Brevard,2008-09,247715467,52364537,,,,78665492,205735392,4952201,24415154,58463435,672311678
Brevard,2007-08,265277241,,21587017,,,77768306,211154001,5955382,81853210,74959763,738554920
Brevard,2006-07,268659289,,,22627852,,81417682,211038414,6034243,97557284,217336147,904670911
Brevard,2005-06,253392292,,,,9589881,91300193,205831564,6087778,87743563,116034412,769979683
Broward,2015-16,964190000,37741000,,,,287529000,1132119000,23989000,49104000,458620000,2953292000
Broward,2014-15,897950000,33552000,,,,324418000,1099324000,18261000,49922000,509787000,2933214000
Broward,2013-14,843456000,30354000,,,,296330000,1068377000,13597000,55259000,366383000,2673756000
Broward,2012-13,794382000,29835000,,,,316697000,1054936000,10393000,44095000,320816000,2571154000
Broward,2011-12,782665000,25316000,,,,330058000,1048347000,23628000,52687000,428470000,2691171000
Broward,2010-11,795594000,22708000,,,,321455000,1019431000,14034000,49789000,227939000,2450950000
Broward,2009-10,872731000,23538000,,,,334877000,1010499000,10305000,57458000,465384000,2774792000
Broward,2008-09,967869000,20653000,,,,254254000,1016196000,14351000,173109000,1014260000,3460692000
Broward,2007-08,1014114000,,20496000,,,295902000,1029278000,20325000,192862000,1098352000,3671329000
Broward,2006-07,1042653000,,,24578000,,271348000,1013105000,15827000,272022000,1320360000,3959893000
Broward,2005-06,989230000,,,,23558000,311437000,932263000,18724000,218878000,1209259000,3703349000
Calhoun,2015-16,4948222,33507,,,,17800364,439435,69250,348631,475856,24115265
Calhoun,2014-15,4813752,39031,,,,10972342,521374,69260,388030,456449,17260238
Calhoun,2013-14,4741187,32074,,,,7396060,461524,102079,1031095,740384,14504403
Calhoun,2012-13,4814034,57333,,,,8065716,362897,50087,342659,2035356,15728082
Calhoun,2011-12,4491831,31735,,,,15762724,345729,19894,478670,417437,21548020
Calhoun,2010-11,4537518,46704,,,,18436777,337556,24998,512644,1167475,25063672
Calhoun,2009-10,4395995,46243,,,,15660600,330117,40850,501227,395878,21370910
Calhoun,2008-09,4349574,71599,,,,12053303,551154,115457,247436,425547,17814070
Calhoun,2007-08,4533639,,62008,,,11193854,611767,181328,646611,1091784,18320991
Calhoun,2006-07,4161243,,,85411,,19764346,682628,185891,373510,374126,25627155
Calhoun,2005-06,3692219,,,,86337,20001108,645857,208425,487977,385140,25507063
Charlotte,2015-16,157121962,71316743,,,,32527696,150901454,2030296,19161458,118192520,551252129
Charlotte,2014-15,148931105,62646869,,,,34407367,142901287,2279602,21748918,119304956,532220104
Charlotte,2013-14,142918948,60316550,,,,33524752,136223725,2074654,15140025,88034742,478233396
Charlotte,2012-13,135381643,57825311,,,,31010579,134810233,1625692,10947002,104562297,476162757
Charlotte,2011-12,140502659,59757912,,,,27480350,132661384,1924397,12201454,234969034,609497190
Charlotte,2010-11,142553429,61826502,,,,38851931,132341354,1401851,17891026,83724778,478590871
Charlotte,2009-10,152397927,63012967,,,,38297427,129771263,1567936,22595068,112508380,520150968
Charlotte,2008-09,172907777,66440222,,,,43554872,135690962,1951208,21200006,114882362,556627409
Charlotte,2007-08,174937636,,11741235,,,36377260,121796288,2456662,93287395,233501971,674098447
Charlotte,2006-07,186672319,,,14620514,,37321605,118607956,2193627,99805468,163158575,622380064
Charlotte,2005-06,158419391,,,,10121359,57742728,117343579,1978434,99297891,157823350,602726732
Citrus,2015-16,74518601,9492773,,,,26478845,57736915,981873,4928820,28436806,202574633
Citrus,2014-15,76042981,9426039,,,,27170610,54757322,1122028,5545456,24406575,198471011
Citrus,2013-14,80520738,9884970,,,,23587423,53905902,941757,4519256,23665370,197025416
Citrus,2012-13,63060197,5094418,,,,25515766,54684424,711957,5302376,20965750,175334888
Citrus,2011-12,68918657,5341665,,,,29916415,52247762,444222,5464804,13699061,176032586
Citrus,2010-11,68253648,4881937,,,,30381172,51965257,464227,7142802,15351095,178440138
Citrus,2009-10,71236626,4950088,,,,37469847,51914297,493967,6396258,59716519,232177602
Citrus,2008-09,75908975,6123810,,,,27381117,53347262,1128876,6202672,18916943,189009655
Citrus,2007-08,88316041,,1969244,,,32993376,56894423,1503755,20636425,42547611,244860875
Citrus,2006-07,87717121,,,2785833,,24634205,45423392,1533523,23471156,33270864,218836094
Citrus,2005-06,75588733,,,,4235986,24984733,41482053,1401066,29881277,24017780,201591628
Clay,2015-16,100022437,4070137,,,,24634879,49099165,1167654,4020991,28685890,211701153
Clay,2014-15,96325794,18179372,,,,24555678,18228648,1251841,18981509,27373543,204896385
Clay,2013-14,91239567,2940624,,,,22558179,46497172,1347591,3324566,27815978,195723677
Clay,2012-13,88621425,3090916,,,,26262582,42679623,751559,3248261,28909981,193564347
Clay,2011-12,89174059,16603929,,,,24688658,26866330,822608,5113409,29055560,192324553
Clay,2010-11,88827877,17080280,,,,27357646,26311153,543120,3772844,59278043,223170963
Clay,2009-10,94738222,2915830,,,,28212373,30226557,898857,6542007,68600708,232134554
Clay,2008-09,94152032,3006861,,,,25058734,32176711,1231418,4730620,161129672,321486048
Clay,2007-08,100407023,,3244416,,,20615202,34707937,1145079,18981004,67125993,246226654
Clay,2006-07,108483336,,,4832770,,24040674,34264392,1211511,17213034,69486481,259532198
Clay,2005-06,96250837,,,,4854431,26636951,21531780,1188667,20462024,58416646,229341336
Collier,2015-16,322914879,64778659,,,,88383809,303483355,2708004,15901494,170822060,968992260
Collier,2014-15,300341138,67047174,,,,101350119,287353214,2866595,23667351,223568156,1006193747
Collier,2013-14,282314543,54549521,,,,105745129,268810950,3251561,19892436,213067277,947631417
Collier,2012-13,285765304,51574634,,,,91706669,257541829,3711478,20246807,184987177,895533898
Collier,2011-12,284123506,42188860,,,,88821150,256053969,4204524,15310454,260009103,950711566
Collier,2010-11,295759607,33989585,,,,85227391,251052291,3882076,17851946,156079806,843842702
Collier,2009-10,333554294,40652308,,,,91642827,246627858,5729689,16239675,196333321,930779972
Collier,2008-09,346703226,28802212,,,,76312605,253589084,5916303,29886493,204167656,945377579
Collier,2007-08,355782229,,16263268,,,95834030,267173258,3786007,96892562,280385749,1116117103
Collier,2006-07,375749432,,,20769963,,97779623,255666135,4081569,155902412,236787537,1146736671
Collier,2005-06,327604291,,,,23629937,118095578,232687546,4835274,132324127,246972559,1086149312
Columbia,2015-16,31124362,9455051,,,,17987760,9167156,875694,1546423,53638538,123794984
Columbia,2014-15,29083060,9059203,,,,16292067,9388566,394636,1321882,23329807,88869221
Columbia,2013-14,27904441,9219613,,,,15178635,8231205,930603,1836801,25421633,88722931
Columbia,2012-13,27033903,7465231,,,,20852171,6739955,465012,1086232,25262697,88905201
Columbia,2011-12,27288908,7349667,,,,14684251,5719389,317120,1702042,16149589,73210966
Columbia,2010-11,28591009,7348857,,,,14968114,6667746,299091,1131196,19371040,78377053
Columbia,2009-10,28937085,7328237,,,,15748191,8024451,287980,3675337,20633022,84634303
Columbia,2008-09,28549384,7020175,,,,13254999,8686581,248830,1067174,25853233,84680376
Columbia,2007-08,31485827,,556513,,,15853598,7662215,414586,9259191,16681135,81913065
Columbia,2006-07,31098869,,,716438,,16799095,9510282,923381,10245133,17868885,87162083
Columbia,2005-06,27047365,,,,655405,13116861,9493481,667296,7829479,15338221,74148108
DeSoto,2015-16,18749638,4892356,,,,8962858,11041494,143679,672724,9184813,53647562
DeSoto,2014-15,16466403,4937151,,,,9248982,11274941,132088,717953,7075046,49852564
DeSoto,2013-14,16426769,4211379,,,,8470735,11067537,134856,23959,5902739,46237974
DeSoto,2012-13,14235777,4096320,,,,9396046,10337131,117595,677728,6301339,45161936
DeSoto,2011-12,14361097,4082136,,,,7409949,10889878,122690,634113,6828729,44328592
DeSoto,2010-11,14760113,4179383,,,,7540961,11735126,101344,136405,20663115,59116447
DeSoto,2009-10,16122921,4387119,,,,10319899,11084284,126064,821149,16427911,59289347
DeSoto,2008-09,16260577,4369656,,,,9846452,10769558,101471,970565,17914070,60232349
DeSoto,2007-08,16744945,,2106304,,,11696130,11337359,104721,5997418,18122082,66108959
DeSoto,2006-07,17230698,,,2514107,,13051214,9707819,123546,10114261,20520742,73262387
DeSoto,2005-06,14707743,,,,1121983,20843891,8426444,201488,16478367,20084967,81864883
Dixie,2015-16,7699417,1895635,,,,10955673,2119441,208668,541277,1679594,25099705
Dixie,2014-15,7518080,1961873,,,,8341066,1942085,157553,395453,1646481,21962591
Dixie,2013-14,7342226,1880034,,,,7164780,1969686,255209,436115,2325391,21373441
Dixie,2012-13,7202303,1820358,,,,5672351,1981527,125682,442335,1750328,18994884
Dixie,2011-12,7270990,2071126,,,,6551712,1687343,90901,217466,1666157,19555695
Dixie,2010-11,7813736,2255016,,,,7283583,1793733,80498,395104,1558571,21180241
Dixie,2009-10,8296545,1896594,,,,6156007,1735189,82112,372222,10211474,28750143
Dixie,2008-09,8477914,1937038,,,,13641358,1842969,292499,308977,10783824,37284579
Dixie,2007-08,8636782,,97849,,,11086488,1883250,416410,2375146,9176484,33672409
Dixie,2006-07,8956553,,,135194,,8153847,1980288,334661,2439769,9224209,31224521
Dixie,2005-06,7457640,,,,159782,7328930,1938379,220428,2711587,9682433,29499179
Duval,2015-16,979464897,71389779,,,,476079558,2353574971,9244543,781659436,849942438,5521355622
Duval,2014-15,957851317,68253057,,,,457619193,2311397917,8066574,509731610,490885967,4803805635
Duval,2013-14,911342306,65454493,,,,432915528,2418543074,6399968,823093898,276320891,4934070158
Duval,2012-13,840435029,62286317,,,,427740686,2318249880,5815815,802577663,628405417,5085510807
Duval,2011-12,846551099,62880928,,,,439856834,2483935712,6178507,790023992,830913172,5460340244
Duval,2010-11,880921797,56904072,,,,451193910,2629417644,5230813,339096945,557224853,4919990034
Duval,2009-10,870897231,50812049,,,,445364575,2472026533,7157464,573663965,620341447,5040263264
Duval,2008-09,840213538,47714876,,,,442302779,2370588402,7123223,344368649,540304741,4592616208
Duval,2007-08,874719429,,19478472,,,407417441,2165488715,8146610,-85655030,1213815487,4603411124
Duval,2006-07,848606260,,,15836229,,434488038,1972257897,8577967,776011939,713793612,4769571942
Duval,2005-06,804888256,,,,8799617,429466452,1902307891,9137916,573159741,465818103,4193577976
Escambia,2015-16,177312093,30848356,,,,79559074,103160391,2528843,9849647,23514046,426772450
Escambia,2014-15,173928405,31167493,,,,65205697,112093596,2605545,13154751,23286824,421442311
Escambia,2013-14,161955802,28524587,,,,62533531,106634477,2406901,13992628,40366858,416414784
Escambia,2012-13,149265223,26853929,,,,58183107,93445316,2262178,9776637,48238277,388024667
Escambia,2011-12,153136604,28054707,,,,81885838,75312771,1180057,17133179,135619520,492322676
Escambia,2010-11,157787380,27772209,,,,69842612,75956422,1220432,13844677,36665422,383089154
Escambia,2009-10,152344329,28092030,,,,86913152,75020722,1042667,10000139,45904043,399317082
Escambia,2008-09,158587393,27118737,,,,56574388,69583215,3802534,23327334,49212498,388206099
Escambia,2007-08,182517917,,15717557,,,64838250,79434846,2897142,23977078,38326114,407708904
Escambia,2006-07,179979302,,,16550695,,87986489,78266165,2802156,43913487,42295282,451793576
Escambia,2005-06,163771878,,,,6708713,96832200,67224290,3522718,49490549,45449888,433000236
Flagler,2015-16,62859975,1744695,,,,30824555,24773131,870842,1245480,13934835,136253513
Flagler,2014-15,59430865,1212720,,,,36157875,22435861,1102940,1588435,77291275,199219971
Flagler,2013-14,56524439,1094289,,,,20776466,20802905,1015635,1229587,579491,102022812
Flagler,2012-13,50299395,1027266,,,,18934897,13826945,917761,9015990,3927930,97950184
Flagler,2011-12,47012669,1210648,,,,16120788,12613869,805024,8418075,1413909,87594982
Flagler,2010-11,48434808,2440901,,,,13150044,13242142,986177,8110374,7015661,93380107
Flagler,2009-10,50615126,1342582,,,,14994116,12684638,939517,7114148,3543681,91233808
Flagler,2008-09,52176054,1454097,,,,15427176,15059693,813887,8945720,12305869,106182496
Flagler,2007-08,54485898,,695224,,,18196317,16710999,967232,12548382,5131565,108735617
Flagler,2006-07,53676129,,,822068,,11557940,18071669,1264059,17140394,9455051,111987310
Flagler,2005-06,41373761,,,,1302314,13958657,16900735,1628917,19200222,8806267,103170873
Franklin,2015-16,13802189,676314,,,,7019351,6499427,15905,1504995,4302330,33820511
Franklin,2014-15,13623530,650256,,,,7915579,6859019,26493,524023,2732165,32331065
Franklin,2013-14,13318622,666614,,,,10969087,7033763,11150,854132,2892670,35746038
Franklin,2012-13,12467228,506915,,,,6222743,6315843,75847,583152,2541742,28713470
Franklin,2011-12,11957738,482158,,,,6266876,6570064,8498,2740792,2657335,30683461
Franklin,2010-11,11257687,456336,,,,6369393,6277538,55366,3512582,3794130,31723032
Franklin,2009-10,12155836,453846,,,,8950019,7047504,35211,1290194,7800698,37733308
Franklin,2008-09,13545175,348814,,,,11085754,7732085,27477,735118,8403883,41878306
Franklin,2007-08,15686078,,117599,,,8692274,6283000,30137,2155218,8701606,41665912
Franklin,2006-07,16105014,,,178248,,9699016,6263539,36558,1576531,10680449,44539355
Franklin,2005-06,14125756,,,,319217,8983497,5044897,180824,1499435,10834981,40988607
Gadsden,2015-16,17864900,353191,,,,10696105,4373987,332501,1469384,28057444,63147512
Gadsden,2014-15,17570622,343088,,,,10917765,4508762,287119,363720,34042937,68034013
Gadsden,2013-14,17404870,286902,,,,18921466,4674562,290700,975356,18022394,60576250
Gadsden,2012-13,17325537,291259,,,,11854933,4435042,137562,940696,17740970,52725999
Gadsden,2011-12,17039396,307270,,,,11576241,3980223,158149,1016363,18031572,52109214
Gadsden,2010-11,17605249,343336,,,,13487989,3969519,311161,535491,21276330,57529075
Gadsden,2009-10,17802867,346837,,,,14417721,3796315,124526,760562,35814887,73063715
Gadsden,2008-09,17714157,435658,,,,15364662,5180049,304598,-99292,34029557,72929389
Gadsden,2007-08,17360291,,508210,,,12162925,5997336,436067,-506472,32542449,68500806
Gadsden,2006-07,18232123,,,720920,,12826491,6706397,533989,3157725,31933825,74111470
Gadsden,2005-06,14835191,,,,500962,13734868,5701042,331260,4367826,19257377,58728526
Gilchrist,2015-16,7597895,1434569,,,,8147168,2551365,38745,541414,1344674,21655830
Gilchrist,2014-15,6818037,1371353,,,,6139241,3613756,21839,485225,1469580,19919031
Gilchrist,2013-14,6513809,1334916,,,,6856103,2230702,18007,300913,1375920,18630370
Gilchrist,2012-13,6434067,1313258,,,,5448404,2197903,9544,170067,1260195,16833438
Gilchrist,2011-12,6460327,1334426,,,,5124367,2116066,12724,816145,1658856,17522911
Gilchrist,2010-11,6889804,1455527,,,,6612128,2345723,10314,253885,739043,18306424
Gilchrist,2009-10,7142613,1482238,,,,4838772,2174441,12981,358074,6465511,22474630
Gilchrist,2008-09,7370241,1522821,,,,11585230,2162929,62847,595242,6904117,30203427
Gilchrist,2007-08,7433023,,211457,,,7868319,2068544,152648,1900060,7714925,27348976
Gilchrist,2006-07,7562074,,,292240,,8534445,2087723,163315,2164443,8423034,29227274
Gilchrist,2005-06,6182980,,,,311906,5818691,2150600,127981,2381076,5885932,22859166
Glades,2015-16,7834583,251954,,,,8642863,6015878,307831,776157,1406786,25236052
Glades,2014-15,7651995,265441,,,,14386230,6110176,432921,67578,1504193,30418534
Glades,2013-14,7352663,242042,,,,7012271,6518932,234639,208266,1428459,22997272
Glades,2012-13,7060585,104007,,,,5755206,7380799,476547,168715,1388278,22334137
Glades,2011-12,7270981,83192,,,,6186772,7553260,3238433,360254,1568368,26261260
Glades,2010-11,7598468,106873,,,,10034899,7507479,1838298,406127,1402490,28894634
Glades,2009-10,8189099,140849,,,,11577525,8371045,957713,587872,1879070,31703173
Glades,2008-09,8442104,173773,,,,7140715,7832637,1652742,902699,6489133,32633803
Glades,2007-08,8766204,,214504,,,7073758,3524480,1722155,5818009,6873292,33992402
Glades,2006-07,8371974,,,358821,,9199254,2024080,2379284,2580594,5780725,30694732
Glades,2005-06,7282407,,,,684171,4350592,1767677,828057,1805256,5639392,22357552
Gulf,2015-16,15299678,41219,,,,10738868,2379968,81995,176762,5173914,33892404
Gulf,2014-15,13549670,364254,,,,6529733,2055886,106331,1214010,10669203,34489087
Gulf,2013-14,11917470,322762,,,,7069782,2083060,88301,186181,147876,21815432
Gulf,2012-13,11793480,242365,,,,4866369,1842647,26323,188272,64055,19023511
Gulf,2011-12,12590965,171550,,,,8120773,2010977,4163,1747979,225364,24871771
Gulf,2010-11,13438062,164322,,,,7911646,1537000,6502,2517946,246708,25822186
Gulf,2009-10,15661842,142435,,,,6848194,1901475,15765,1385509,3444043,29399263
Gulf,2008-09,16941386,161147,,,,13577416,1631339,101444,655712,3979270,37047714
Gulf,2007-08,16324683,,219531,,,17663283,1524337,159804,-937806,4144056,39097888
Gulf,2006-07,16859057,,,285003,,9576298,1840622,166786,2070474,16016196,46814436
Gulf,2005-06,15029854,,,,744063,8566053,1981581,157849,1776048,17733982,45989430
Hamilton,2015-16,11318768,76835,,,,6443197,1768299,196365,627192,1708671,22139327
Hamilton,2014-15,10712490,79679,,,,7456506,1690884,231641,497190,793626,21462016
Hamilton,2013-14,10471315,84277,,,,7629152,1370136,257388,937132,1029394,21778794
Hamilton,2012-13,9034275,61038,,,,7788713,1277713,232522,453713,369300,19217274
Hamilton,2011-12,8537321,92583,,,,6111231,1310430,93254,584689,725474,17454982
Hamilton,2010-11,8607381,69863,,,,5728933,992901,108348,807874,3879032,20194332
Hamilton,2009-10,8715595,86327,,,,8601313,1229995,71341,333465,10876038,29914074
Hamilton,2008-09,8462956,63582,,,,9202925,1461936,78580,544894,8980343,28795216
Hamilton,2007-08,8224547,,98504,,,15442334,1723323,67005,814558,7393317,33763588
Hamilton,2006-07,7987786,,,98269,,10116283,1830693,60069,1423150,7025087,28541337
Hamilton,2005-06,7123589,,,,97832,15133322,1761064,124150,917338,5420170,30577465
Hardee,2015-16,16087341,3122153,,,,11527926,5423135,235642,4639880,1477394,42513471
Hardee,2014-15,15213082,2830760,,,,15398335,4745958,255297,4969318,1709142,45121892
Hardee,2013-14,15123352,2814145,,,,15577456,4396016,268935,5115538,1754217,45049659
Hardee,2012-13,15255917,2800835,,,,11610946,4343578,263707,4818940,1596011,40689934
Hardee,2011-12,14787634,2755113,,,,9352803,3936756,287000,1518334,6242021,38879661
Hardee,2010-11,15215597,2950890,,,,9323973,3774262,312993,1246476,2351441,35175632
Hardee,2009-10,16242855,3037257,,,,10451966,3407491,1172940,855577,3186337,38354423
Hardee,2008-09,16464289,2996964,,,,9059385,4162307,375166,1176823,9732898,43967832
Hardee,2007-08,16133315,,286605,,,13953087,4739041,425463,4389285,10827153,50753949
Hardee,2006-07,15751353,,,456784,,17975768,5176500,452495,5912440,12641796,58367136
Hardee,2005-06,13955667,,,,530819,12897738,5006924,377783,4569917,12033965,49372813
Hendry,2015-16,23101888,724534,,,,17653647,10137310,365212,1595690,17408981,70987262
Hendry,2014-15,22595121,335342,,,,14705611,9010762,365498,1132768,16360839,64505941
Hendry,2013-14,20868685,303697,,,,10161194,10938228,352326,1326931,17028167,60979228
Hendry,2012-13,19767057,427748,,,,13457498,9929827,314180,1647058,14794780,60338148
Hendry,2011-12,19645253,423611,,,,10251918,11495794,304696,1626883,15551151,59299306
Hendry,2010-11,19176674,632292,,,,12920619,9060925,336600,1897470,17432768,61457348
Hendry,2009-10,21683409,300165,,,,16650186,9394444,1351820,2781307,19084652,71245983
Hendry,2008-09,22053669,816903,,,,15893322,7819593,1427439,2983726,14941508,65936160
Hendry,2007-08,24429556,,947429,,,14621349,11757748,468951,8188568,14146896,74560497
Hendry,2006-07,24843514,,,2378520,,13439486,10392106,381031,2943302,19334879,73712838
Hendry,2005-06,28709345,,,,1172523,9069211,9262293,351266,3077504,17795599,69437741
Hernando,2015-16,72115355,29807643,,,,23915671,86811872,1543229,8078101,18586857,240858728
Hernando,2014-15,67733027,27676664,,,,23623997,85726326,1624683,8246147,13443059,228073903
Hernando,2013-14,66891966,26584676,,,,20715776,65203884,1695776,13443335,12059226,206594639
Hernando,2012-13,65008993,18188169,,,,24591229,60584131,1060083,5585412,44610946,219628963
Hernando,2011-12,64669176,18558325,,,,24914250,58577480,974082,10089380,15817020,193599713
Hernando,2010-11,60485516,18933983,,,,30008786,49287312,652623,9384491,9797055,178549766
Hernando,2009-10,69825529,18497981,,,,34851602,48787716,995674,8427643,19483376,200869521
Hernando,2008-09,76042719,20931415,,,,26800423,54934981,3940477,12942961,26059226,221652202
Hernando,2007-08,94029203,,2486441,,,21909519,72871503,2377401,39351400,20202297,253227764
Hernando,2006-07,99536416,,,3470595,,26545567,73313032,2421967,41543813,23944686,270776076
Hernando,2005-06,82618813,,,,5938537,23679369,71714688,2192442,44483133,30977064,261604046
Highlands,2015-16,52101154,7421135,,,,18717993,15259430,659069,14823242,1121712,110103735
Highlands,2014-15,51319790,7322537,,,,20113752,15572970,727988,14425531,24786440,134269008
Highlands,2013-14,44263651,7141406,,,,19501969,15869003,689523,11252437,4119015,102837004
Highlands,2012-13,44593603,7016176,,,,20162924,14881352,331052,11365616,9406757,107757480
Highlands,2011-12,45544646,6960964,,,,22484316,14073154,255914,7141947,3802148,100263089
Highlands,2010-11,47393350,7168961,,,,19138627,13774658,254564,6839868,13868747,108438775
Highlands,2009-10,52383527,7172281,,,,28879774,14090104,271255,7166768,3258247,113221956
Highlands,2008-09,55938983,7174679,,,,18682803,13108692,766631,9355989,5098287,110126064
Highlands,2007-08,63028601,,669695,,,21298697,14598429,1073702,16736290,5114916,122520330
Highlands,2006-07,63694906,,,1677302,,20461208,15803547,1234902,19258804,2577665,124708334
Highlands,2005-06,51322412,,,,1739531,16308369,16656589,907333,14790075,2343093,104067402
Hillsborough,2015-16,966897407,72194202,,,,279680793,678279331,16479233,35929894,945883258,2995344118
Hillsborough,2014-15,906999316,50852319,,,,265334672,628176024,16078997,47562008,1281026493,3196029829
Hillsborough,2013-14,868689554,44902910,,,,275489295,618939380,12584140,23898491,825086018,2669589788
Hillsborough,2012-13,808382448,50404804,,,,273999428,598095123,9910246,26590424,855179239,2622561712
Hillsborough,2011-12,816937456,43748649,,,,291386416,584307243,7934239,28896941,966932987,2740143931
Hillsborough,2010-11,822262117,40130929,,,,296102541,550133297,7179373,32846397,1039756122,2788410776
Hillsborough,2009-10,883097026,39124607,,,,297115060,524306642,8613238,52658622,1103387257,2908302452
Hillsborough,2008-09,981057418,36405747,,,,252614763,551680755,15873879,59090881,1255340291,3152063734
Hillsborough,2007-08,1051148228,,13776043,,,251897353,580327306,15748520,124764244,1571923156,3609584850
Hillsborough,2006-07,1076575503,,,13046357,,257290540,576886396,16331018,129279628,1232580163,3301989605
Hillsborough,2005-06,965269057,,,,19708789,261723287,568573611,19028669,119585245,1170555437,3124444095
Holmes,2015-16,5238533,105709,,,,8950463,1672238,323505,656940,1289747,18237135
Holmes,2014-15,5178106,107493,,,,11511530,1532227,352120,548398,1535112,20764986
Holmes,2013-14,5146824,116502,,,,5852938,1586540,416398,314219,1562382,14995803
Holmes,2012-13,5064111,95187,,,,5355454,1581285,102821,488580,4988979,17676417
Holmes,2011-12,5150993,100532,,,,7709436,1340790,97048,530634,1589627,16519060
Holmes,2010-11,5148679,88395,,,,9169903,1221020,113530,584741,5200389,21526657
Holmes,2009-10,5192901,94949,,,,9091265,1225053,97664,583097,1532686,17817615
Holmes,2008-09,5025866,114250,,,,8713582,1525424,269078,582784,1738879,17969863
Holmes,2007-08,5403742,,156926,,,9827621,1555308,377979,643181,5356104,23320861
Holmes,2006-07,5243302,,,286376,,7097388,1597920,381063,1069632,1691027,17366708
Holmes,2005-06,4737893,,,,139772,7900669,1925176,433710,713518,1422435,17273173
Indian River,2015-16,109101602,31271127,,,,33535027,73771698,1708273,24698003,23614463,297700193
Indian River,2014-15,100182672,27901112,,,,33624651,74783611,924860,8204957,41737546,287359409
Indian River,2013-14,94596616,24985720,,,,30873889,74073628,1017374,9527846,15253362,250328435
Indian River,2012-13,87989734,22691853,,,,30808281,70343411,786090,6430497,16527103,235576969
Indian River,2011-12,90482964,21100014,,,,29832306,68480048,744775,7668599,14144290,232452996
Indian River,2010-11,94773337,20243840,,,,30539947,68186361,936995,7847994,11400917,233929391
Indian River,2009-10,103630836,20318519,,,,37687574,69841280,852512,6748715,18798156,257877592
Indian River,2008-09,113694417,21334645,,,,35918176,72457882,1793017,14023091,25567635,284788863
Indian River,2007-08,119929618,,12400795,,,49283706,78324309,2137913,34568367,24773803,321418511
Indian River,2006-07,120445932,,,13369451,,54324919,75969115,2408593,47389382,29848296,343755688
Indian River,2005-06,116099477,,,,5559232,39497296,75778728,2090593,57784721,100628654,397438701
Jackson,2015-16,22183108,1818674,,,,16981317,6850856,327969,787633,17219623,66169180
Jackson,2014-15,21215847,1476306,,,,17387081,6370711,352741,1296749,22603099,70702534
Jackson,2013-14,19872438,1439865,,,,11018187,6386271,407746,834991,13445471,53404969
Jackson,2012-13,19256421,1452802,,,,11995055,5646326,358431,1144542,13619083,53472660
Jackson,2011-12,19297637,1264716,,,,12588987,5533359,314684,721992,13554419,53275794
Jackson,2010-11,20361114,1337909,,,,11284622,5670881,353011,1043723,22599432,62650692
Jackson,2009-10,20289350,1431668,,,,14381762,5658654,398460,812977,13843113,56815984
Jackson,2008-09,19598710,1430096,,,,14380781,6189927,332416,594861,11856269,54383060
Jackson,2007-08,19561096,,1562693,,,16597470,6340593,307140,2385480,12692552,59447024
Jackson,2006-07,18460616,,,1570634,,14582346,6593401,191818,1627409,10451936,53478160
Jackson,2005-06,18640087,,,,781586,12053430,6802737,211732,1619227,11712993,51821792
Jefferson,2015-16,7906619,136151,,,,6424967,4281046,194258,162551,11137785,30243377
Jefferson,2014-15,8882928,143179,,,,6187969,3871619,204755,389325,5831084,25510859
Jefferson,2013-14,8629535,156193,,,,4030066,3692602,201428,266971,9820258,26797053
Jefferson,2012-13,8636290,142304,,,,4212139,3061052,175906,508961,11890110,28626762
Jefferson,2011-12,6346570,127349,,,,7070558,3222901,168032,185938,6507938,23629286
Jefferson,2010-11,6477077,158122,,,,6307243,2895441,198437,305829,6762204,23104353
Jefferson,2009-10,8490951,139825,,,,9726294,2974611,184405,226672,9307686,31050444
Jefferson,2008-09,7785823,185167,,,,12799770,3533575,188718,149447,6592085,31234585
Jefferson,2007-08,6977361,,388959,,,5573263,3223338,186928,696415,4063294,21109558
Jefferson,2006-07,6983509,,,343797,,10513815,1071620,48117,2493016,3882107,25335981
Jefferson,2005-06,5833449,,,,376231,9004324,1147016,153308,1964358,3563472,22042158
Lafayette,2015-16,2429429,582221,,,,4339362,689648,140397,254068,3539439,11974564
Lafayette,2014-15,2738149,515785,,,,5565098,698304,124630,317681,3388259,13347906
Lafayette,2013-14,2610357,509530,,,,5069071,643184,113008,336488,3181239,12462877
Lafayette,2012-13,2491350,500838,,,,4095014,674039,82231,349810,3382545,11575827
Lafayette,2011-12,2327246,527795,,,,4516798,647487,35439,150101,3925499,12130365
Lafayette,2010-11,2444175,483275,,,,4829568,941309,18155,534952,3259543,12510977
Lafayette,2009-10,2526178,511651,,,,7893338,827335,22042,179617,3282756,15242917
Lafayette,2008-09,2467976,361241,,,,6585097,762554,120761,304169,3157178,13758976
Lafayette,2007-08,2645639,,86527,,,5787123,780907,209559,739675,2694648,12944078
Lafayette,2006-07,2580068,,,406963,,6012024,907804,201114,478756,2475667,13062396
Lafayette,2005-06,2299907,,,,98881,3413054,790644,172129,845035,2826224,10445874
Lake,2015-16,127287477,25767082,,,,46536558,77670730,2224705,2235042,30538497,312260091
Lake,2014-15,122680924,24287969,,,,53537763,74894671,2673035,3775860,129421150,411271372
Lake,2013-14,105920759,22885994,,,,47778474,74999579,3128239,5239981,28561434,288514460
Lake,2012-13,103943532,20084424,,,,50768332,71279502,1995985,2857712,30837222,281766709
Lake,2011-12,107140183,23745412,,,,56153792,68734370,1166299,5211717,35229407,297381180
Lake,2010-11,115214106,19739095,,,,51538446,59440339,1416392,5335714,38756409,291440501
Lake,2009-10,126773625,21211009,,,,54063487,56568289,1160932,5740831,35709599,301227772
Lake,2008-09,135930284,23244268,,,,44449261,54282870,2927279,7881224,28013227,296728413
Lake,2007-08,143521037,,2986793,,,38597799,62670013,3633160,46997155,48807960,347213917
Lake,2006-07,147339859,,,4038374,,46813127,63983949,3532940,51720812,166333011,483762072
Lake,2005-06,113863907,,,,5865897,41275801,54698246,4372610,47168145,34756148,302000754
Lee,2015-16,379171238,34418707,,,,143695331,551562270,4669389,29392957,222219538,1365129430
Lee,2014-15,360666099,37842465,,,,119832032,538776500,4436071,30119995,416273613,1507946775
Lee,2013-14,337132739,30692701,,,,124727388,528709268,4116855,28617221,132336343,1186332515
Lee,2012-13,312244821,21455144,,,,135125095,507315722,4074240,28669300,456125819,1465010141
Lee,2011-12,311293425,20584095,,,,116142737,494858657,3896032,26235113,199045058,1172055117
Lee,2010-11,318481842,19081086,,,,129325518,493271010,2838394,30383152,739214650,1732595652
Lee,2009-10,362213404,20661750,,,,131339440,492792580,3480891,34524077,365008020,1410020162
Lee,2008-09,453357513,22991544,,,,116828797,534776317,2951877,36125762,352233533,1519265343
Lee,2007-08,519914669,,15901302,,,120253586,522776970,3391170,106092733,342546250,1630876680
Lee,2006-07,521345971,,,22751486,,142348413,512491052,5183085,178596055,668851745,2051567807
Lee,2005-06,438020604,,,,18666395,153206353,490505526,2941927,163904201,841374539,2108619545
Leon,2015-16,155120117,11351159,,,,32805766,43933930,814980,5846300,117083485,366955737
Leon,2014-15,149665235,10236683,,,,30792474,41181456,1029294,5876190,109170721,347952053
Leon,2013-14,143450083,10516500,,,,28274527,40793250,1146031,3703641,117285529,345169561
Leon,2012-13,139122582,10362928,,,,38392584,37353421,957293,2981663,116773215,345943686
Leon,2011-12,138541010,10724938,,,,40716443,37401912,1039064,6953597,119943164,355320128
Leon,2010-11,143109226,10758129,,,,36945878,33492122,1250833,5754827,94367572,325678587
Leon,2009-10,144520071,8847162,,,,40662759,32763027,1000842,9693978,95289285,332777124
Leon,2008-09,150947213,3167886,,,,31315956,40460222,2059228,12798791,124581533,365330829
Leon,2007-08,143889905,,3120794,,,27961095,63301308,2758401,13749133,135007894,389788530
Leon,2006-07,142715625,,,3938051,,31711535,47133029,2661755,15078258,102846280,346084533
Leon,2005-06,133201615,,,,3420929,30989034,65795058,2950137,14048792,95664994,346070559
Levy,2015-16,17448795,5612848,,,,10430080,6637610,272447,1408319,1174448,42984547
Levy,2014-15,17134993,5577188,,,,11418888,6390889,251840,1370963,2259170,44403931
Levy,2013-14,16840582,5465625,,,,10381843,6338928,325086,1994370,4529509,45875943
Levy,2012-13,16622007,5349580,,,,12275829,5716212,191659,2163161,6874055,49192503
Levy,2011-12,17170480,3452431,,,,9899515,5301312,233921,1798812,758336,38614807
Levy,2010-11,17612808,2421123,,,,11385129,5565578,172961,1874125,1141454,40173178
Levy,2009-10,18452355,2553440,,,,11565935,6490472,99169,2064204,15352751,56578326
Levy,2008-09,20160744,3217015,,,,15392085,7134121,268732,1406600,16398443,63977740
Levy,2007-08,21447740,,243149,,,14612582,7683939,410686,5335071,17959224,67692391
Levy,2006-07,22010639,,,322211,,10385081,6920605,482337,6039569,19732595,65893037
Levy,2005-06,18227533,,,,383737,9969906,6699239,331477,5435853,15594944,56642689
Liberty,2015-16,2823809,20722,,,,6659564,1586337,33816,240487,1489734,12854469
Liberty,2014-15,2751444,14258,,,,6296851,1460828,32172,288017,3437569,14281139
Liberty,2013-14,3019578,37528,,,,8888891,1291470,37456,209886,2836041,16320850
Liberty,2012-13,2472600,15877,,,,5920574,1417612,39870,120682,2792550,12779765
Liberty,2011-12,2542928,13202,,,,6917905,1075984,30718,86477,3139251,13806465
Liberty,2010-11,2858264,14210,,,,8454710,958810,37604,276008,2767568,15367174
Liberty,2009-10,2465319,17927,,,,10266628,1073505,41986,465655,3829339,18160359
Liberty,2008-09,2473109,19457,,,,6812268,1490073,45447,273127,3390812,14504293
Liberty,2007-08,2682191,,32874,,,9658463,1406110,55649,345482,3837912,18018681
Liberty,2006-07,2519899,,,36853,,10518392,1572812,53533,388482,3834115,18924086
Liberty,2005-06,2316965,,,,31758,6757027,1495266,55873,264496,3369347,14290732
Madison,2015-16,10338950,1647402,,,,9202698,3872600,644691,564911,16842508,43113760
Madison,2014-15,10303494,1603843,,,,6608324,3996387,450092,295650,17520890,40778680
Madison,2013-14,10196843,1519714,,,,8852141,3264320,641198,454535,15081600,40010351
Madison,2012-13,9319625,1530872,,,,7240730,3023143,444124,883872,14108478,36550844
Madison,2011-12,9125510,1561305,,,,7521265,2661818,213464,704255,12034190,33821807
Madison,2010-11,9139389,1572276,,,,7729580,2762129,622215,666787,12807015,35299391
Madison,2009-10,9108774,1614282,,,,7947547,2481734,260327,731853,11525020,33669537
Madison,2008-09,8861845,139098,,,,7259187,2355912,582289,2388054,12554020,34140405
Madison,2007-08,8620291,,205189,,,12118299,3087807,684923,2698566,10179209,37594284
Madison,2006-07,8756541,,,200085,,8728972,3361020,242456,2249782,11861863,35400719
Madison,2005-06,7441346,,,,176985,10972531,3107309,259577,5106694,11337533,38401975
Manatee,2015-16,225327000,33842000,,,,97158000,288153000,5744000,25554000,212581000,888359000
Manatee,2014-15,207772000,26018000,,,,88079000,270932000,6606000,23095000,150117000,772619000
Manatee,2013-14,193600000,28142000,,,,84564000,258339000,9146000,15062000,129528000,718381000
Manatee,2012-13,185075000,24823000,,,,83274000,254681000,1842000,14836000,207302000,771833000
Manatee,2011-12,187530000,17405000,,,,77324000,252704000,1127000,15535000,117875000,669500000
Manatee,2010-11,192807000,12597000,,,,98488000,244932000,1539000,21425000,88545000,660333000
Manatee,2009-10,217697637,13945165,,,,81611216,242443940,1718217,22845908,102805484,683067567
Manatee,2008-09,235669949,11756208,,,,71027274,250720530,3385179,38499880,116184555,727243575
Manatee,2007-08,253526771,,5953599,,,72545067,260915802,3999280,57838667,236801661,891580847
Manatee,2006-07,261462472,,,7998463,,75613182,271820757,3998611,69308134,181615444,871817063
Manatee,2005-06,216962657,,,,8822268,83207443,260889322,3997888,60473571,153319070,787672219
Marion,2015-16,124619778,51783959,,,,56060666,97611937,2731517,12357506,82297512,427462875
Marion,2014-15,118812495,50917398,,,,51395670,95785163,3154569,12537661,47182487,379785443
Marion,2013-14,112738930,51764402,,,,45316467,89271054,3221550,8352189,50328673,360993265
Marion,2012-13,106699446,49982248,,,,53105723,90377052,1831045,8659195,48174203,358828912
Marion,2011-12,114195994,49918981,,,,56728257,85440117,1470944,9281866,45708835,362744994
Marion,2010-11,124104499,49502557,,,,56705562,85678807,1608428,13620177,49205814,380425844
Marion,2009-10,131173498,51764787,,,,63472653,81235016,1441594,13358785,127392125,469838458
Marion,2008-09,138047122,54818985,,,,43671870,85989608,3349669,17836237,129067798,472781289
Marion,2007-08,147645041,,3521250,,,50683342,81123209,4504565,93654276,102429024,483560707
Marion,2006-07,141438301,,,6613246,,48704492,74571530,4521601,97498533,98409374,471757077
Marion,2005-06,116587988,,,,7887797,56771834,71358813,4011639,87832115,97708024,442158210
Martin,2015-16,165949315,16201249,,,,46178269,110755893,2510665,18277839,27381756,387254986
Martin,2014-15,156330631,9258138,,,,33570648,105944395,2710080,14368701,45445076,367627669
Martin,2013-14,149431010,7040863,,,,33299908,100195667,2427503,10527497,14587967,317510415
Martin,2012-13,142650026,7714554,,,,36779968,100022310,1399174,10782804,24858663,324207499
Martin,2011-12,146768325,6232637,,,,37252198,91119756,915312,13969410,25907655,322165293
Martin,2010-11,153604744,5052635,,,,44573069,87359090,1083730,11560243,57530077,360763588
Martin,2009-10,156864169,6192553,,,,47218533,85817749,944642,11891499,50384065,359313210
Martin,2008-09,164242461,4157373,,,,41478034,85282764,2201042,6442082,43913283,347717039
Martin,2007-08,171692647,,3829383,,,37544022,88188285,3042357,20235273,43028644,367560611
Martin,2006-07,174689837,,,4101244,,52470198,87543272,3571316,32446585,41039475,395861927
Martin,2005-06,144206502,,,,5634606,75633372,76588238,3330793,40169136,69278173,414840820
Miami-Dade,2015-16,2494035780,238241507,,,,857930701,4362063833,48708362,200723494,2901779280,11103482957
Miami-Dade,2014-15,2352503301,250946846,,,,815741845,4199035570,60199665,136735131,2295683566,10110845924
Miami-Dade,2013-14,2193826731,208502574,,,,802882082,4128703505,48964052,177496902,1667117795,9227493641
Miami-Dade,2012-13,2063039612,189874318,,,,1008058781,4015280507,40415119,218392265,2140244675,9675305277
Miami-Dade,2011-12,2035569382,164286526,,,,1058401914,4009264401,34962136,250746715,1321526865,8874757939
Miami-Dade,2010-11,2215951621,135539642,,,,1157115456,4027821755,31264051,185753027,1795456871,9548902423
Miami-Dade,2009-10,2205603161,138956131,,,,1005886207,3780488532,28839554,268632521,1652170477,9080576583
Miami-Dade,2008-09,2367121729,138098569,,,,867443595,3651772721,42147550,248836092,2368214570,9683634826
Miami-Dade,2007-08,2409201578,,113567180,,,936837761,3794800981,49640873,263090502,1633956051,9201094926
Miami-Dade,2006-07,2435945439,,,137569104,,1074482816,3625630887,52311631,359507049,1817420817,9502867743
Miami-Dade,2005-06,2213542743,,,,99657042,1184137915,3421590994,44788023,525861019,1511548468,9001126204
Monroe,2015-16,141160646,19409011,,,,52473074,75376635,3403630,5840993,130839638,428503627
Monroe,2014-15,137755535,5466612,,,,68488264,70729264,3022718,9840053,149949575,445252021
Monroe,2013-14,130708005,4888050,,,,73552500,66981678,3064324,4860357,94278104,378333018
Monroe,2012-13,123735974,4459683,,,,56213986,68334672,1629304,4792523,90393857,349559999
Monroe,2011-12,123106019,5980511,,,,53248764,67721712,1216149,4992406,67118201,323383762
Monroe,2010-11,122624538,3778295,,,,54750821,65960401,1321185,5894952,76090871,330421063
Monroe,2009-10,121331860,4001226,,,,55807053,60792095,1153560,5150852,85900896,334137542
Monroe,2008-09,114945998,4121540,,,,61181458,56512388,1880046,11018897,78243594,327903921
Monroe,2007-08,110411435,,3153040,,,59680118,57079636,3057555,14708361,133688092,381778237
Monroe,2006-07,114572997,,,3407648,,71289123,60864802,2679023,21044917,64176333,338034843
Monroe,2005-06,107994437,,,,2925678,72225928,61809356,3308665,19656028,61683554,329603646
Nassau,2015-16,69085080,5274427,,,,11112912,9581978,594721,2153056,22456471,120258645
Nassau,2014-15,65465118,3798919,,,,17293631,10127493,812923,2588664,23712511,123799259
Nassau,2013-14,56190967,2211104,,,,9516365,9320207,732428,1462974,18868914,98302959
Nassau,2012-13,54654164,1509611,,,,10993645,8381932,461052,2051790,15011141,93063335
Nassau,2011-12,56310544,2175510,,,,10606963,7761618,804320,5272782,13434900,96366637
Nassau,2010-11,57543377,2246205,,,,10880734,7872961,277891,12296896,17656515,108774579
Nassau,2009-10,62963522,2155047,,,,12109976,7347455,320073,2749936,15433714,103079723
Nassau,2008-09,64436580,1599339,,,,12010284,10469143,690070,1733407,29645151,120583974
Nassau,2007-08,63178632,,1348565,,,13181481,14310733,587709,5739431,24351116,122697667
Nassau,2006-07,62891613,,,2174023,,11266662,12358781,331387,16097071,77160153,182279690
Nassau,2005-06,54731868,,,,3282954,16715825,18105695,658058,11769219,37973675,143237294
Okaloosa,2015-16,78314200,2656085,,,,34247309,105404398,1431519,10403194,32577201,265033906
Okaloosa,2014-15,74604841,2440466,,,,32385378,98148717,1384874,13983412,43502859,266450547
Okaloosa,2013-14,69850063,2290843,,,,30385142,97016679,1164799,12374740,34574097,247656363
Okaloosa,2012-13,64719254,2247720,,,,31391990,91979733,476561,7146808,16129499,214091565
Okaloosa,2011-12,65539105,2612879,,,,35058932,88693577,465094,12414533,23103183,227887303
Okaloosa,2010-11,68003552,2735935,,,,33661227,86746190,366891,13998119,34868420,240380334
Okaloosa,2009-10,69397074,2221927,,,,37434503,83555864,547994,10631979,44288045,248077386
Okaloosa,2008-09,78106912,2071016,,,,36232185,83718346,1460066,8434716,56857725,266880966
Okaloosa,2007-08,80242083,,1020779,,,30780567,88237823,1660272,12295307,61723711,275960542
Okaloosa,2006-07,80942451,,,1204539,,32612944,88584910,2522536,14191057,61531011,281589448
Okaloosa,2005-06,72539937,,,,2131445,43395522,85302295,719436,12062271,49954382,266105288
Okeechobee,2015-16,28996093,973924,,,,8831662,4565155,457936,4883438,1282506,49990714
Okeechobee,2014-15,25559365,3368536,,,,9139616,4305067,458493,3369842,663478,46864397
Okeechobee,2013-14,24570906,3726105,,,,9821639,4109350,673122,3510811,540375,46952308
Okeechobee,2012-13,24468585,3289600,,,,9095612,3711817,282853,-3974434,558007,37432040
Okeechobee,2011-12,24181863,3084700,,,,11342971,3690830,146024,3691366,753408,46891162
Okeechobee,2010-11,23966068,3173257,,,,14979126,3949875,329022,7198834,6811908,60408090
Okeechobee,2009-10,25951813,3042093,,,,12269173,4162156,218811,5171193,24374830,75190069
Okeechobee,2008-09,23176484,2433175,,,,12221839,4926509,498334,5188744,23691189,72136274
Okeechobee,2007-08,22779413,,1030354,,,13261728,5678354,759308,10234617,20988126,74731900
Okeechobee,2006-07,22302744,,,1625556,,15868706,4930255,865353,11385060,22214091,79191765
Okeechobee,2005-06,19391439,,,,949590,14609269,5382071,815760,15698778,27057995,83904902
Orange,2015-16,1009909649,224148609,,,,312805330,640040415,17800542,62418362,513300563,2780423470
Orange,2014-15,932622345,196190708,,,,305370112,612953358,16823398,53019106,412475400,2529454427
Orange,2013-14,868526405,166662502,,,,283790110,577220186,14531954,44126295,384357933,2339215385
Orange,2012-13,830971144,89561929,,,,303343571,562968846,9455578,88395458,517862487,2402559013
Orange,2011-12,818446301,96402813,,,,295774801,529115943,6085280,52852318,486534601,2285212057
Orange,2010-11,836025032,72959020,,,,304636259,527914259,5117548,60394981,332527337,2139574436
Orange,2009-10,892286820,72575904,,,,298089049,534032389,4657709,71508273,339905203,2213055347
Orange,2008-09,953935716,80351556,,,,258468122,536610886,8765016,83905696,347412091,2269449083
Orange,2007-08,985940285,,17139950,,,271644810,560958971,12454012,264745188,352921146,2465804362
Orange,2006-07,976874985,,,24049771,,262856863,541134314,12221835,338193540,388402424,2543733732
Orange,2005-06,811566884,,,,23663426,273097473,518567100,11780523,354783116,397466608,2390925130
Osceola,2015-16,265163232,72080965,,,,67722384,88161429,2379415,11287969,168465898,675261292
Osceola,2014-15,241223399,61234351,,,,88034328,83758003,2576550,17784785,187502372,682113788
Osceola,2013-14,226125225,48816097,,,,66377210,80800550,2177920,13881616,69625627,507804245
Osceola,2012-13,215678575,43971762,,,,65088608,64731812,5395990,5912052,124678964,525457763
Osceola,2011-12,211711000,44369000,,,,69323000,63092000,6357000,7108000,232511000,634471000
Osceola,2010-11,219677000,47537000,,,,74161000,67010000,3635000,8691000,79400000,500111000
Osceola,2009-10,232345000,47332000,,,,67391000,84245000,1891000,10144000,331677000,775025000
Osceola,2008-09,233544964,56988041,,,,40993440,92578560,1312882,12628705,155327604,593374196
Osceola,2007-08,238651023,,7558707,,,42892425,94951187,384681,83461416,144652797,612552236
Osceola,2006-07,233814132,,,11907901,,45182706,92413826,850635,93319084,142974979,620463263
Osceola,2005-06,195388225,,,,13411343,49093277,75977717,15149195,84096844,62901576,496018177
Palm Beach,2015-16,1168930531,106847308,,,,225766024,931849844,7462921,57660523,567811345,3066328496
Palm Beach,2014-15,1078454630,102650210,,,,220929180,906265422,10071206,54618100,533899755,2906888503
Palm Beach,2013-14,1005580364,93912157,,,,220914658,883594852,8381066,51623809,406400009,2670406915
Palm Beach,2012-13,969828450,96091201,,,,295608520,846856861,7190565,34055543,341783211,2591414351
Palm Beach,2011-12,959966710,84617622,,,,327400277,785429787,7215210,91649990,466499092,2722778688
Palm Beach,2010-11,970930348,66871739,,,,292127299,773879993,8104264,90324924,394142708,2596381275
Palm Beach,2009-10,992487144,66172033,,,,284448662,761739304,7834661,117394573,893559840,3123636217
Palm Beach,2008-09,984312520,58078098,,,,233019779,775133218,12050681,162722047,1074306073,3299622416
Palm Beach,2007-08,1036362608,,37473773,,,237531333,735254709,13409495,151505675,1255247746,3466785339
Palm Beach,2006-07,1075731377,,,48911208,,226570109,704502027,14905754,189289848,997561177,3257471500
Palm Beach,2005-06,961243634,,,,27124893,275836331,663530534,14005222,210688253,1063138309,3215567176
Pasco,2015-16,247590538,80092779,,,,86351265,260088862,2697873,21966787,98565726,797353830
Pasco,2014-15,224470196,70115131,,,,94007806,241283633,2789003,40132381,40896040,713694190
Pasco,2013-14,205144846,62010453,,,,90895058,223258808,3418354,26755582,58358226,669841327
Pasco,2012-13,190413347,57882201,,,,89025169,194994444,2292735,26107236,94999226,655714358
Pasco,2011-12,185132872,55524014,,,,88996622,177043252,1882863,34163977,44972577,587716177
Pasco,2010-11,187031725,58329621,,,,111251483,171418341,3263851,31490959,35893628,598679608
Pasco,2009-10,200227569,62160237,,,,109757179,166609476,2277373,43940788,66137102,651109724
Pasco,2008-09,195449240,66109770,,,,87009205,162669043,3060123,23080393,88411308,625789082
Pasco,2007-08,215850416,,5009796,,,77855471,172742104,3715835,107820714,98123111,681117447
Pasco,2006-07,209599612,,,6800396,,73146273,163762618,4044041,128991621,104978770,691323331
Pasco,2005-06,186035769,,,,9658627,73138400,155719468,3772734,151626656,106699291,686650945
Pinellas,2015-16,607448322,30898155,,,,149275912,565487223,7051446,66240566,34455652,1460857276
Pinellas,2014-15,567665382,29988268,,,,125781707,555041800,7326466,79124096,40040541,1404968260
Pinellas,2013-14,533703571,27239781,,,,130010348,521216506,8987727,60982497,31330910,1313471340
Pinellas,2012-13,500816693,10298339,,,,141698783,509615788,4771014,53669772,23762298,1244632687
Pinellas,2011-12,489239102,9498427,,,,152781182,479060862,4619186,70770701,21855352,1227824812
Pinellas,2010-11,487031476,9405957,,,,148941936,468078379,5369047,66088916,20799585,1205715296
Pinellas,2009-10,517342364,8258561,,,,148141335,469955360,3308043,70979815,120942351,1338927829
Pinellas,2008-09,565713535,7186884,,,,124762064,479047628,6615917,94660245,482626863,1760613136
Pinellas,2007-08,618823527,,4509529,,,142956458,450273527,7746654,96416595,514176414,1834902704
Pinellas,2006-07,650782965,,,5668387,,151654327,469822948,9244433,116618640,498954134,1902745834
Pinellas,2005-06,607717345,,,,5498798,128457350,450915074,7831762,107536852,455956069,1763913250
Polk,2015-16,306847585,55196541,,,,82765833,244594838,5708783,34220524,58624998,787959102
Polk,2014-15,291087883,39433778,,,,83250543,231498429,6105426,37969410,67918824,757264293
Polk,2013-14,275706617,39065878,,,,86844410,220600431,5273349,45460105,24061673,697012463
Polk,2012-13,264332943,37306759,,,,91788523,219727845,4098504,29380129,34658664,681293367
Polk,2011-12,271090231,36688900,,,,94099808,202354864,3151633,43151737,17494000,668031173
Polk,2010-11,281896373,34384433,,,,97491273,202660166,3751679,34464164,121004905,775652993
Polk,2009-10,314320574,39732533,,,,109975038,180790874,3609826,33507218,68762046,750698109
Polk,2008-09,340630173,46391114,,,,96992449,187769699,6645525,45859412,66232834,790521206
Polk,2007-08,338985016,,4856262,,,101184747,201758010,7118770,106084287,126694489,886681581
Polk,2006-07,312343755,,,4397484,,140559938,194576961,7519584,122574505,131759522,913731749
Polk,2005-06,271052805,,,,5576363,135374250,237038197,7255445,80479537,146352537,883129134
Putnam,2015-16,41322354,1194234,,,,18484929,28769531,376935,1611648,25368028,117127659
Putnam,2014-15,39759193,1174145,,,,20224099,30716636,449691,1292350,19148901,112765015
Putnam,2013-14,39700819,1203525,,,,18945188,25141565,414181,1159318,2580434,89145030
Putnam,2012-13,37516475,730988,,,,16532702,23496570,335976,956818,2176569,81746098
Putnam,2011-12,38914461,415632,,,,19667335,22728247,478338,1046862,2239816,85490691
Putnam,2010-11,41168556,420923,,,,26146673,23142112,247296,1403352,4420035,96948947
Putnam,2009-10,42598576,487644,,,,18398886,24773375,621059,1634126,26288607,114802273
Putnam,2008-09,43732844,5784886,,,,22984536,19131147,561211,2196996,26679390,121071010
Putnam,2007-08,44355656,,601592,,,15853810,18113279,828851,9172509,52499596,141425293
Putnam,2006-07,46779445,,,936487,,17558491,16168533,830275,10023185,36945831,129242247
Putnam,2005-06,38070859,,,,944784,18773988,16859903,713015,9158364,23200469,107721382
St. Johns,2015-16,160970671,21723707,,,,50711693,136056705,4515351,8683835,55465184,438127146
St. Johns,2014-15,148162297,17168041,,,,47108692,128912306,5100101,14198145,135348881,495998463
St. Johns,2013-14,139427274,17638446,,,,45569449,120412237,2825572,5920321,39217225,371010524
St. Johns,2012-13,135263131,15445381,,,,46021524,108030143,2417386,10785134,76538854,394501553
St. Johns,2011-12,138534674,22722031,,,,47948579,101618554,1827567,10694326,80923783,404269514
St. Johns,2010-11,127173096,8410187,,,,52623416,104961401,1945319,8137810,16081782,319333011
St. Johns,2009-10,140984441,9533041,,,,56688483,99190949,2299217,7533341,23658303,339887775
St. Johns,2008-09,144048236,12254902,,,,53174307,98893178,2832645,13191431,66039963,390434662
St. Johns,2007-08,149621547,,4387446,,,44628495,92868899,3640852,35519056,45159599,375825894
St. Johns,2006-07,156897302,,,5101563,,50975995,87905850,2350708,54812525,137412091,495456034
St. Johns,2005-06,125530079,,,,3878014,52489626,91716310,2413028,113758557,25019672,414805286
St. Lucie,2015-16,144840462,20112728,,,,32298560,52459948,2901264,17576280,79538221,349727463
St. Lucie,2014-15,134049428,18254690,,,,34971697,47648852,3471241,15582792,99082317,353061017
St. Lucie,2013-14,130654898,15335316,,,,41501566,47288055,3384430,11829390,65767024,315760679
St. Lucie,2012-13,120293245,21299315,,,,43955276,43816437,2023712,20473800,120535602,372397387
St. Lucie,2011-12,121196187,15040282,,,,48272899,43334831,1442640,15298764,75416980,320002583
St. Lucie,2010-11,127432419,18090143,,,,43691947,47453102,1411711,17172316,92194130,347445768
St. Lucie,2009-10,127979788,16809520,,,,53117550,50647155,1731184,21301879,69468637,341055713
St. Lucie,2008-09,156982368,14210555,,,,59129366,55308744,3149310,40251740,86807306,415839389
St. Lucie,2007-08,189518405,,6060942,,,60264386,60701609,3823646,40942381,97396565,458707934
St. Lucie,2006-07,193583292,,,7223420,,60771673,62552029,4158354,47364777,119929588,495583133
St. Lucie,2005-06,159043613,,,,3080417,65569495,61784536,4000704,37254729,69043064,399776558
Santa Rosa,2015-16,59737005,13785840,,,,31265577,25634541,1412344,4419373,19539250,155793930
Santa Rosa,2014-15,53881186,13290205,,,,20978670,24106394,1463929,5593257,13065603,132379244
Santa Rosa,2013-14,55242444,13290344,,,,22085805,19815865,1270224,6716884,10706368,129127934
Santa Rosa,2012-13,49387483,12216184,,,,21532320,17443691,671288,4820474,9765887,115837327
Santa Rosa,2011-12,50637362,12617642,,,,27772463,16697476,482381,6037026,21314734,135559084
Santa Rosa,2010-11,50850818,13050751,,,,26577987,17666154,554746,4259468,18207707,131167631
Santa Rosa,2009-10,53143173,13140457,,,,31748833,17108413,500006,3904287,13795186,133340355
Santa Rosa,2008-09,56510808,12971953,,,,26587047,55490348,1107522,3807934,21445930,177921542
Santa Rosa,2007-08,60742279,,6696674,,,30839688,55575646,1240446,13343637,11325658,179764028
Santa Rosa,2006-07,62500988,,,7514628,,37877768,23401273,1367604,16128139,56110970,204901370
Santa Rosa,2005-06,55257179,,,,2582496,46680656,51757385,1233006,19310613,18432106,195253441
Sarasota,2015-16,258609335,131508469,,,,74813434,301634974,3358081,22381488,157896988,950202769
Sarasota,2014-15,243100062,122536951,,,,72186281,288477537,3707516,40846818,315904009,1086759174
Sarasota,2013-14,230629365,110951963,,,,73838166,295413988,4293266,56499507,180312833,951939088
Sarasota,2012-13,216211282,96076463,,,,78118176,303593663,2502484,37842726,115801565,850146359
Sarasota,2011-12,214541840,90874562,,,,78460781,292403053,1827301,40334790,118091729,836534056
Sarasota,2010-11,221608362,90759761,,,,84348500,287017545,2270533,63471470,188568911,938045082
Sarasota,2009-10,234452203,95839875,,,,79119432,273420148,2097329,52383060,103790121,841102168
Sarasota,2008-09,260258032,97342478,,,,62006438,248573022,3294985,90597385,244231196,1006303536
Sarasota,2007-08,299002954,,24667293,,,73297874,243784882,4274031,114968915,394108147,1154104096
Sarasota,2006-07,326043384,,,6585811,,86643578,265036758,4939438,170090483,201159075,1060498527
Sarasota,2005-06,293020175,,,,9353978,69985874,243653467,4130912,223454146,271525797,1115124349
Seminole,2015-16,240022036,23951091,,,,74870056,137983647,1882985,10575739,20808171,510093725
Seminole,2014-15,216823424,22588295,,,,71533342,118479449,2086916,7610527,109818739,548940692
Seminole,2013-14,180806610,21232590,,,,73862386,112454313,7238097,13610936,56397713,465602645
Seminole,2012-13,179382994,19978769,,,,79158035,106763965,1477656,7722776,53024780,447508975
Seminole,2011-12,191838780,19219803,,,,72820377,108712837,1412888,13054668,31043843,438103196
Seminole,2010-11,238834751,18609587,,,,65196477,108639604,1747803,12222643,23623719,468874584
Seminole,2009-10,252233941,17886543,,,,78678931,99375917,2067350,13795121,39512717,503550520
Seminole,2008-09,259318751,17383062,,,,73663910,98265237,2308630,20227627,24688673,495855890
Seminole,2007-08,258339393,,3360382,,,70453683,104008217,2800783,54179116,30845659,523987233
Seminole,2006-07,264241857,,,3637708,,74140129,106109649,2662692,68700985,40364605,559857625
Seminole,2005-06,230355015,,,,3393740,70100890,91634222,2334561,55500542,107714750,561033720
Sumter,2015-16,73272168,9830954,,,,15658827,10018631,569941,4944781,22349337,136644639
Sumter,2014-15,68826775,12171374,,,,16975832,10183272,772499,2785613,72393432,184108797
Sumter,2013-14,62955167,23242467,,,,13389724,10436113,712179,2214515,18764103,131714268
Sumter,2012-13,57204396,14657823,,,,17052454,10024586,319140,1688912,45800909,146748220
Sumter,2011-12,53782878,16495539,,,,16133854,11754783,189344,4204848,18835778,121397024
Sumter,2010-11,50656841,21251304,,,,17291520,11499286,162019,2023778,15267616,118152364
Sumter,2009-10,48227795,22137532,,,,16554054,13701420,172228,2131873,39354954,142279856
Sumter,2008-09,44857677,9842197,,,,16739965,14705589,698834,2221350,38838227,127903839
Sumter,2007-08,42784065,,3309132,,,13814298,15004468,1043511,10734348,39816667,126506489
Sumter,2006-07,40588262,,,2373179,,13194958,14866982,1051278,41220011,35604501,148899171
Sumter,2005-06,36587850,,,,4352632,12560356,15221133,725501,8905373,66033004,144385849
Suwannee,2015-16,20342993,4686700,,,,22291308,6170818,342355,1659634,14569355,70063163
Suwannee,2014-15,19255725,3745252,,,,14992999,7534873,563101,2461228,17287607,65840785
Suwannee,2013-14,18458058,3709293,,,,14554214,6760309,602311,2339361,19454521,65878067
Suwannee,2012-13,17376190,3262538,,,,14257505,6299081,261732,1895260,15874092,59226398
Suwannee,2011-12,16742161,3223392,,,,11346994,4772519,263387,1929455,14280135,52558043
Suwannee,2010-11,16139397,3297492,,,,11441649,5314617,256664,2296263,13504827,52250909
Suwannee,2009-10,17070578,2940927,,,,13010438,3674501,260771,1725412,13071765,51754392
Suwannee,2008-09,17699701,3080978,,,,17373144,5037831,506666,1294061,12864636,57857017
Suwannee,2007-08,18794789,,279731,,,13628846,6156488,699337,3431226,15004048,57994465
Suwannee,2006-07,19273710,,,429756,,12028349,5703581,446240,5442875,11046474,54370985
Suwannee,2005-06,16242806,,,,522168,12423085,5795609,346082,4201965,9244452,48776167
Taylor,2015-16,14148755,1423047,,,,9050222,2052346,178933,897942,10129739,37880984
Taylor,2014-15,13632850,1363847,,,,6061861,2146653,192773,577657,20257496,44233137
Taylor,2013-14,13373733,1402311,,,,9079051,1890183,318428,308672,9475366,35847744
Taylor,2012-13,13169466,1391845,,,,8505221,1739163,241254,453035,9290138,34790122
Taylor,2011-12,12680773,1366542,,,,10747323,1551020,159002,352840,8933272,35790772
Taylor,2010-11,13465376,1383139,,,,11199487,1656666,112429,406478,9577350,37800925
Taylor,2009-10,13845725,1450535,,,,6954995,1217490,175033,412780,9696901,33753459
Taylor,2008-09,13950370,1372959,,,,7998025,2529436,191553,288237,9822174,36152754
Taylor,2007-08,14109176,,163431,,,7268136,2574235,282521,2069662,8999417,35466578
Taylor,2006-07,14625135,,,233099,,6753043,2218752,330162,2472858,8776158,35409207
Taylor,2005-06,13160304,,,,243023,5977293,1972679,252203,1881683,8735418,32222603
Union,2015-16,3724034,545192,,,,5495584,1982958,60993,103008,1663165,13574934
Union,2014-15,3719132,527404,,,,4858842,1514207,83444,122792,736600,11562421
Union,2013-14,3544222,534582,,,,4133500,1479132,162801,162934,1615580,11632751
Union,2012-13,3515841,528450,,,,5984940,1635273,85911,569517,1369238,13689170
Union,2011-12,3514525,531098,,,,4659389,1716154,59884,340946,1360896,12182892
Union,2010-11,3582437,540779,,,,4981166,1348763,63057,191835,1413209,12121246
Union,2009-10,3514482,535524,,,,7706788,1168556,120684,167524,4665684,17879242
Union,2008-09,3520904,72100,,,,4814435,1071528,219717,817716,4830813,15347213
Union,2007-08,3230231,,306493,,,4552212,933557,349681,952579,4040865,14365618
Union,2006-07,2799487,,,130686,,4919752,1155071,315907,1283805,4042271,14646979
Union,2005-06,2739438,,,,159460,6607560,1138643,152880,954548,3529059,15281588
Volusia,2015-16,282165653,20319512,,,,71746730,184585444,3690929,10048153,139774740,712331161
Volusia,2014-15,265183847,19458491,,,,61760814,177927658,2438396,13081033,101151411,641001650
Volusia,2013-14,251542883,17354779,,,,81858251,172771586,4477622,14730591,114539542,657275254
Volusia,2012-13,234835957,16318851,,,,78081181,162734414,2092541,9788328,106091232,609942504
Volusia,2011-12,233731054,17675343,,,,78362487,155180956,2030774,15688007,54709677,557378298
Volusia,2010-11,238180519,3769911,,,,78422334,166793717,3725397,11850059,106747988,609489925
Volusia,2009-10,270956206,5423332,,,,85322651,166730893,2843941,16706612,87168611,635152246
Volusia,2008-09,275634909,5576611,,,,78675652,176144957,4931664,26335733,96162715,663462241
Volusia,2007-08,270629455,,2270015,,,69129210,184520914,5074649,49121503,125964283,706710029
Volusia,2006-07,276714305,,,2326614,,76474500,183841427,2806339,51539584,117680350,711383119
Volusia,2005-06,264142221,,,,3143881,82237023,183281612,3450635,45176338,139195956,720627666
Wakulla,2015-16,15042576,1179301,,,,8629981,9881248,164538,478753,16980395,52356792
Wakulla,2014-15,13845631,3795724,,,,11256896,6597872,102780,-815351,15220883,50004435
Wakulla,2013-14,14343530,1133032,,,,12394695,10583527,494360,197071,17809567,56955782
Wakulla,2012-13,13841005,1118129,,,,10684329,9788088,177585,233313,16168280,52010729
Wakulla,2011-12,13391109,1404054,,,,11313664,9194173,64295,299586,13833941,49500822
Wakulla,2010-11,12987657,1538545,,,,12855763,8244084,97371,640771,19841201,56205392
Wakulla,2009-10,13837688,1444272,,,,12135689,7848050,104810,1135134,3374996,39880639
Wakulla,2008-09,14027782,1294846,,,,9907079,7212753,317592,735613,16582352,50078017
Wakulla,2007-08,15403598,,518257,,,11862628,8762892,467868,1971937,15457493,54444673
Wakulla,2006-07,14406965,,,584404,,8767910,8434529,196773,3999658,13549243,49939482
Wakulla,2005-06,13075147,,,,470325,8950033,9314141,90169,1348527,11589079,44837421
Walton,2015-16,97267784,2902887,,,,24836880,11897351,630385,8498362,18743928,164777577
Walton,2014-15,95226101,2542464,,,,35316851,9653230,713170,14952590,43953849,202358255
Walton,2013-14,87981197,2327411,,,,23931180,7481288,1002966,5984884,27904460,156613386
Walton,2012-13,80898675,2177588,,,,21690148,7295045,399267,52649452,11973059,177083234
Walton,2011-12,70993153,1513460,,,,21320992,5040491,304419,8567472,89072146,196812133
Walton,2010-11,71788724,1414642,,,,22936372,4665706,473893,9080284,10186166,120545787
Walton,2009-10,71330283,997503,,,,27423518,4813407,448909,11983003,11682873,128679496
Walton,2008-09,79449875,1151329,,,,23977272,6825925,273268,3933366,12251415,127862450
Walton,2007-08,84710135,,1226417,,,20761212,6525014,290075,2060208,23066382,138639443
Walton,2006-07,87345332,,,1639183,,19492213,7127424,321608,8080049,31708863,155714672
Walton,2005-06,78686632,,,,2184029,24688793,7673052,388485,7719093,24809845,146149929
Washington,2015-16,12436415,154086,,,,17644940,3290467,6610,624310,2685221,36842049
Washington,2014-15,12116417,196793,,,,12829572,2751975,91476,1095592,3193869,32275694
Washington,2013-14,11832503,162927,,,,7485120,2424814,101473,422334,3118655,25547826
Washington,2012-13,12008269,274805,,,,5333345,2089383,33641,380338,3546437,23666218
Washington,2011-12,11977525,268953,,,,4247525,1927102,3419,1147152,3417259,22988935
Washington,2010-11,13094389,175951,,,,9958204,2114406,32918,368367,4589290,30333525
Washington,2009-10,13148990,216766,,,,11546445,2375426,8662,661352,12773204,40730845
Washington,2008-09,12401921,208811,,,,7719071,2937803,340635,1208917,4789960,29607118
Washington,2007-08,12289889,,382001,,,9636220,3141764,401031,1916861,4396951,32164717
Washington,2006-07,12667783,,,347738,,9732915,3143118,467725,2098199,3706926,32164404
Washington,2005-06,10081088,,,,242284,8471681,3014174,530815,2499210,9466745,34305997
County Totals,2015-16,13814499461,1803847427,0,0,0,4555546163,14879625833,211851662,1689802583,8889795176,45844968305
County Totals,2014-15,13005915468,1671670113,0,0,0,4455104410,14326214072,221526836,1434210352,8863115124,43977756375
County Totals,2013-14,12197478941,1494297118,0,0,0,4300002167,14076423365,208273862,1688567344,6047217510,40012260307
County Totals,2012-13,11534160367,1306930858,0,0,0,4629429207,13578334964,149093432,1709065080,7471784340,40378798248
County Totals,2011-12,11512963187,1256547262,0,0,0,4786330684,13443139962,147859301,1786384659,6952123479,39885348534
County Totals,2010-11,11934600235,1141894891,0,0,0,4970004090,13500044190,132840623,1306920416,7138707906,40125012351
County Totals,2009-10,12491742617,1151475675,0,0,0,4927452550,12998499487,128128512,1748364309,7969356287,41415019437
County Totals,2008-09,13255348649,1148357040,0,0,0,4292093941,12952038603,197036872,1795712007,10084808010,43725395122
County Totals,2007-08,13898612642,0,439347367,0,0,4414808927,13005381128,227881153,2562978144,11220835684,45769845045
County Totals,2006-07,14095102680,0,0,509212667,0,4709078128,12497607942,231717710,4189779326,10930469672,47162968125
County Totals,2005-06,12577908414,0,0,0,418797330,4986015225,11966138565,235889502,4090723429,10038091877,44313564342
